{
    "[RIVER, TIME] One Step LK": 2.4855899810791016,
    "[RIVER, MSE] Original video": 46.84747208436725,
    "[RIVER, MSE] One Step LK": 626.4032936401271,
    "[RIVER, TIME] Full LK": 54.690184593200684,
    "[RIVER, MSE] Full LK": 38.30275126803996
}