{
    "[RIVER, TIME] One Step LK": 2.4563329219818115,
    "[RIVER, MSE] Original video": 46.84747208436725,
    "[RIVER, MSE] One Step LK": 626.4032936401271,
    "[RIVER, TIME] Full LK": 56.75643610954285,
    "[RIVER, MSE] Full LK": 38.30275126803996
}